epoch,time,train/box_loss,train/cls_loss,train/dfl_loss,metrics/precision(B),metrics/recall(B),metrics/mAP50(B),metrics/mAP50-95(B),val/box_loss,val/cls_loss,val/dfl_loss,lr/pg0,lr/pg1,lr/pg2
1,30.9274,1.79562,5.85593,1.80724,0.01822,0.55236,0.12966,0.0674,2.07401,3.55644,1.83327,0.00018,0.00018,0.08218
2,44.4496,1.37037,2.00811,1.41369,0.12922,0.53176,0.14067,0.05014,2.16611,16.8945,2.31053,0.000369977,0.000369977,0.06337
3,58.66,1.46261,1.55845,1.47851,0.00077,0.0125,0.0004,9e-05,3.23238,8.29808,5.59766,0.000559863,0.000559863,0.0445599
4,72.5651,1.41786,1.48788,1.46424,0.25101,0.49595,0.29474,0.11414,1.91792,54.4967,2.71118,0.000749588,0.000749588,0.0257496
5,86.1482,1.35123,1.42803,1.43113,0.33333,0.10811,0.22401,0.09269,2.31014,50.9446,3.63102,0.000939082,0.000939082,0.00693908
6,99.7288,1.38177,1.34741,1.42702,0.27841,0.37872,0.26146,0.09782,2.05911,9.95949,2.93577,0.000998474,0.000998474,0.000998474
7,113.313,1.3427,1.28314,1.4213,0.19249,0.40034,0.20861,0.08933,1.73856,23.9492,1.9868,0.000997803,0.000997803,0.000997803
8,127.002,1.23403,1.14426,1.32048,0.23604,0.40034,0.24847,0.09532,2.10731,16.2601,2.24347,0.000997011,0.000997011,0.000997011
9,140.475,1.25472,1.16146,1.32511,0.01382,0.0998,0.00294,0.00099,3.45108,8.83078,6.57733,0.000996097,0.000996097,0.000996097
10,153.908,1.24958,1.08142,1.3325,0.54307,0.46058,0.46042,0.22148,1.81563,4.92464,1.7582,0.000995062,0.000995062,0.000995062
11,167.513,1.25623,1.08273,1.34165,0.76967,0.37838,0.33445,0.14702,2.1592,4.48846,2.31418,0.000993906,0.000993906,0.000993906
12,181.715,1.18957,1.03076,1.28235,0.75537,0.48372,0.51143,0.28832,1.53488,2.76327,1.60427,0.000992629,0.000992629,0.000992629
13,195.387,1.22667,1.00273,1.28838,0.7536,0.41143,0.51782,0.28551,1.67642,3.6854,1.79989,0.000991232,0.000991232,0.000991232
14,209.729,1.21854,0.99024,1.30385,0.42522,0.56993,0.46108,0.26196,1.46544,2.20661,1.50334,0.000989715,0.000989715,0.000989715
15,223.749,1.15941,0.95374,1.27247,0.70268,0.4277,0.63864,0.33507,1.68123,2.86013,1.69369,0.000988079,0.000988079,0.000988079
16,237.285,1.1671,0.8862,1.2627,0.75971,0.39317,0.54373,0.27377,1.75579,2.35422,1.79052,0.000986323,0.000986323,0.000986323
17,251.27,1.18596,0.86542,1.2618,0.51261,0.5875,0.58447,0.31349,1.55988,1.83588,1.55223,0.000984449,0.000984449,0.000984449
18,264.974,1.23936,0.91788,1.30351,0.56049,0.63547,0.52562,0.27288,1.55665,1.69452,1.50517,0.000982456,0.000982456,0.000982456
19,278.638,1.17579,0.9256,1.26987,0.62617,0.48093,0.47233,0.24256,1.75693,1.91972,1.84029,0.000980345,0.000980345,0.000980345
20,291.695,1.18862,0.86098,1.26489,0.83144,0.57939,0.68004,0.33014,1.83666,2.14861,1.88847,0.000978118,0.000978118,0.000978118
21,304.645,1.15071,0.84893,1.2817,0.81029,0.66588,0.71828,0.36614,1.65092,1.71174,1.68778,0.000975773,0.000975773,0.000975773
22,317.77,1.15639,0.87267,1.24732,0.66084,0.43608,0.52486,0.24491,2.07201,1.88714,2.16273,0.000973312,0.000973312,0.000973312
23,330.764,1.17377,0.82407,1.25334,0.78852,0.62464,0.73921,0.43924,1.509,1.1981,1.47606,0.000970736,0.000970736,0.000970736
24,343.818,1.2506,0.84739,1.305,0.74989,0.76385,0.84624,0.45091,1.68225,1.10519,1.58256,0.000968045,0.000968045,0.000968045
25,356.862,1.19374,0.85195,1.26281,0.77561,0.71874,0.81948,0.51452,1.4387,1.05263,1.37357,0.000965239,0.000965239,0.000965239
26,369.919,1.20568,0.83036,1.26191,0.64973,0.61047,0.63759,0.33624,1.64675,1.56842,1.54046,0.00096232,0.00096232,0.00096232
27,382.883,1.11088,0.82483,1.20554,0.5843,0.73547,0.72187,0.39204,1.62534,1.33472,1.51612,0.000959289,0.000959289,0.000959289
28,395.895,1.11987,0.801,1.22609,0.631,0.75772,0.7698,0.36268,1.82385,1.30718,1.74073,0.000956145,0.000956145,0.000956145
29,408.876,1.11446,0.74115,1.20211,0.72682,0.65642,0.69868,0.34021,1.78349,1.27038,1.66709,0.000952889,0.000952889,0.000952889
30,421.838,1.14644,0.76883,1.23597,0.61005,0.61172,0.66612,0.2995,1.89811,1.20543,1.83078,0.000949524,0.000949524,0.000949524
31,434.844,1.11247,0.74204,1.20683,0.69924,0.79595,0.76757,0.38366,1.74695,1.15119,1.63969,0.000946048,0.000946048,0.000946048
32,447.948,1.12076,0.75422,1.22633,0.84168,0.708,0.8552,0.47065,1.51709,1.17305,1.43788,0.000942464,0.000942464,0.000942464
33,460.881,1.15046,0.75862,1.24191,0.80749,0.79598,0.88348,0.49896,1.52267,0.93287,1.44024,0.000938772,0.000938772,0.000938772
34,473.83,1.10645,0.73188,1.1995,0.65135,0.82839,0.82696,0.45707,1.5771,0.99161,1.49672,0.000934973,0.000934973,0.000934973
35,486.831,1.09749,0.7084,1.20306,0.70928,0.77787,0.79714,0.47517,1.41165,1.02633,1.3534,0.000931067,0.000931067,0.000931067
36,500.073,1.08242,0.73553,1.20392,0.75305,0.57543,0.72041,0.33139,1.96724,1.32006,1.90137,0.000927057,0.000927057,0.000927057
37,513.475,1.12202,0.6941,1.21941,0.74489,0.65845,0.6376,0.39802,1.38464,1.30472,1.36594,0.000922942,0.000922942,0.000922942
38,526.736,1.18392,0.7486,1.25768,0.72482,0.68547,0.76391,0.36246,1.7421,1.19455,1.63837,0.000918725,0.000918725,0.000918725
39,540.033,1.10784,0.69152,1.21732,0.67808,0.82596,0.78395,0.40746,1.75075,1.20808,1.61219,0.000914405,0.000914405,0.000914405
40,553.346,1.11112,0.69308,1.20692,0.55449,0.80946,0.74711,0.3731,1.6915,1.18953,1.5995,0.000909984,0.000909984,0.000909984
41,566.577,1.0809,0.70488,1.1808,0.67015,0.73743,0.78121,0.4504,1.51924,1.12882,1.46512,0.000905463,0.000905463,0.000905463
42,579.848,1.09814,0.7031,1.2063,0.67715,0.81894,0.84305,0.43618,1.77453,1.07756,1.639,0.000900844,0.000900844,0.000900844
43,593.079,1.07759,0.65841,1.19173,0.59412,0.75809,0.78009,0.46009,1.51782,1.59885,1.46611,0.000896127,0.000896127,0.000896127
44,606.365,1.07193,0.69145,1.17882,0.82988,0.64324,0.75216,0.41708,1.60589,1.46006,1.50459,0.000891313,0.000891313,0.000891313
45,619.649,1.10287,0.66262,1.17959,0.776,0.83722,0.87283,0.5296,1.42368,1.07272,1.35082,0.000886404,0.000886404,0.000886404
46,633.043,1.09901,0.6349,1.19738,0.70721,0.58243,0.62599,0.34847,1.58511,1.58496,1.45145,0.000881401,0.000881401,0.000881401
47,646.324,1.04546,0.65428,1.16369,0.82656,0.77355,0.80993,0.48439,1.48407,1.12527,1.41133,0.000876305,0.000876305,0.000876305
48,659.613,1.05495,0.67854,1.17354,0.85039,0.87689,0.90811,0.44689,1.77984,0.94181,1.64573,0.000871117,0.000871117,0.000871117
49,672.844,1.0656,0.61399,1.19268,0.76989,0.82773,0.81456,0.4858,1.50419,0.97708,1.41244,0.000865839,0.000865839,0.000865839
50,686.146,1.04677,0.60725,1.16236,0.80992,0.89392,0.91473,0.47106,1.7429,1.08105,1.61543,0.000860473,0.000860473,0.000860473
51,699.42,1.05496,0.60844,1.19101,0.85137,0.85468,0.91309,0.51775,1.51446,0.88749,1.38386,0.000855018,0.000855018,0.000855018
52,712.688,1.09482,0.58827,1.1882,0.83172,0.89305,0.89146,0.5115,1.57462,0.87016,1.47254,0.000849477,0.000849477,0.000849477
53,725.926,1.09949,0.61882,1.19277,0.84906,0.81621,0.86066,0.50421,1.55563,0.88986,1.48543,0.000843851,0.000843851,0.000843851
54,739.201,1.05805,0.5444,1.17432,0.66291,0.83446,0.804,0.38694,1.86295,1.20205,1.70067,0.000838141,0.000838141,0.000838141
55,752.47,1.06946,0.61321,1.17134,0.76305,0.79659,0.84796,0.49828,1.41895,1.18366,1.35354,0.000832349,0.000832349,0.000832349
56,765.74,1.05983,0.60548,1.17549,0.87512,0.8724,0.90633,0.48718,1.64977,0.86342,1.48907,0.000826477,0.000826477,0.000826477
57,778.992,1.06145,0.61352,1.17121,0.77682,0.69547,0.74824,0.40522,1.57905,1.16026,1.45763,0.000820525,0.000820525,0.000820525
58,792.292,1.06119,0.56896,1.16717,0.77953,0.76599,0.82157,0.46589,1.47723,0.99581,1.40138,0.000814495,0.000814495,0.000814495
59,805.579,1.06426,0.57013,1.15569,0.79459,0.71868,0.78544,0.43586,1.61185,1.02901,1.49088,0.000808389,0.000808389,0.000808389
60,818.687,1.08837,0.56373,1.20134,0.86423,0.88193,0.90688,0.46832,1.6825,0.82892,1.55816,0.000802208,0.000802208,0.000802208
61,831.738,1.03245,0.56705,1.15051,0.8893,0.86238,0.90849,0.49103,1.68618,0.79838,1.58266,0.000795954,0.000795954,0.000795954
62,844.858,0.9904,0.58061,1.13517,0.83604,0.85743,0.90247,0.48256,1.67486,0.84849,1.56652,0.000789628,0.000789628,0.000789628
63,857.985,0.99354,0.54313,1.14102,0.8858,0.79702,0.88996,0.53173,1.48977,0.85392,1.39464,0.000783231,0.000783231,0.000783231
64,871.181,1.01064,0.53329,1.1346,0.85353,0.78885,0.88729,0.50223,1.5236,1.09592,1.43938,0.000776766,0.000776766,0.000776766
65,884.249,0.98438,0.51792,1.13963,0.79432,0.78835,0.8644,0.51292,1.46822,1.24767,1.4038,0.000770234,0.000770234,0.000770234
66,897.354,1.03102,0.53731,1.15548,0.8736,0.74164,0.85859,0.51852,1.47449,1.11427,1.38221,0.000763637,0.000763637,0.000763637
67,910.494,0.97218,0.5111,1.1213,0.83124,0.77534,0.87869,0.51677,1.53129,1.07554,1.43859,0.000756976,0.000756976,0.000756976
68,923.634,1.01516,0.53216,1.13967,0.8736,0.80236,0.91349,0.5281,1.52871,0.9064,1.40078,0.000750252,0.000750252,0.000750252
69,936.695,0.98705,0.51826,1.13072,0.89798,0.87128,0.93321,0.5311,1.59507,0.80382,1.43009,0.000743468,0.000743468,0.000743468
70,949.827,1.06953,0.57337,1.17294,0.83867,0.92118,0.9159,0.5263,1.521,0.73881,1.43805,0.000736625,0.000736625,0.000736625
71,962.96,1.03908,0.58941,1.16849,0.90651,0.86265,0.91994,0.44411,1.81191,0.95624,1.70365,0.000729725,0.000729725,0.000729725
72,976.078,1.00919,0.55904,1.13997,0.87374,0.80705,0.9003,0.58563,1.32175,0.81457,1.26126,0.00072277,0.00072277,0.00072277
73,989.262,0.98346,0.53655,1.12713,0.86423,0.8905,0.91089,0.47188,1.7186,0.89155,1.53309,0.000715761,0.000715761,0.000715761
74,1002.39,1.02844,0.50606,1.14431,0.86308,0.88345,0.92054,0.57501,1.38139,0.78825,1.31676,0.0007087,0.0007087,0.0007087
75,1015.5,0.98571,0.53117,1.13289,0.82104,0.8474,0.91191,0.50943,1.662,0.95119,1.54185,0.000701588,0.000701588,0.000701588
76,1028.63,1.03697,0.51437,1.1482,0.82689,0.83818,0.9267,0.4803,1.72732,1.06277,1.61332,0.000694428,0.000694428,0.000694428
77,1041.69,0.93209,0.51348,1.09531,0.80433,0.88461,0.9196,0.58219,1.33241,0.96491,1.30581,0.000687222,0.000687222,0.000687222
78,1054.81,0.98743,0.53083,1.11317,0.85282,0.84088,0.90095,0.44837,1.71009,1.06691,1.54765,0.00067997,0.00067997,0.00067997
79,1067.92,0.98085,0.52556,1.11536,0.85937,0.88251,0.87097,0.53296,1.43925,0.97851,1.34732,0.000672675,0.000672675,0.000672675
80,1081.06,0.95961,0.50318,1.09535,0.85006,0.81735,0.88804,0.53286,1.47198,0.93345,1.38028,0.000665339,0.000665339,0.000665339
81,1094.12,0.96468,0.48665,1.12235,0.81122,0.88243,0.89226,0.4754,1.64336,0.92608,1.54507,0.000657963,0.000657963,0.000657963
82,1107.24,0.96224,0.50644,1.10732,0.8355,0.8407,0.87859,0.51319,1.51682,0.97713,1.45222,0.00065055,0.00065055,0.00065055
83,1120.33,0.96101,0.50302,1.10876,0.83293,0.8662,0.8926,0.45202,1.71476,0.94161,1.57689,0.000643101,0.000643101,0.000643101
84,1133.47,0.89516,0.49299,1.06627,0.89173,0.79974,0.87987,0.48934,1.59926,1.11714,1.49887,0.000635617,0.000635617,0.000635617
85,1146.54,0.91648,0.46297,1.08384,0.90733,0.83986,0.92044,0.47228,1.63483,0.91133,1.54565,0.000628101,0.000628101,0.000628101
86,1159.7,0.92426,0.46067,1.10009,0.77002,0.91079,0.87244,0.48066,1.62079,0.78971,1.52784,0.000620555,0.000620555,0.000620555
87,1172.88,0.91046,0.45304,1.08311,0.91273,0.86467,0.93482,0.52695,1.52749,0.77748,1.44387,0.000612981,0.000612981,0.000612981
88,1186.04,0.91761,0.48518,1.10528,0.83879,0.84671,0.9117,0.54095,1.48567,0.92164,1.39274,0.00060538,0.00060538,0.00060538
89,1199.18,0.91756,0.46515,1.08121,0.86725,0.76268,0.89063,0.51428,1.54431,1.08098,1.42973,0.000597754,0.000597754,0.000597754
90,1212.68,0.94568,0.46927,1.09148,0.80523,0.82838,0.87567,0.47711,1.65417,1.04388,1.51846,0.000590105,0.000590105,0.000590105
91,1226.18,0.9544,0.48654,1.11824,0.84931,0.84392,0.88392,0.53436,1.50853,0.91739,1.40287,0.000582435,0.000582435,0.000582435
92,1239.69,0.94279,0.49367,1.09828,0.90409,0.81892,0.88271,0.50589,1.58836,0.82943,1.47398,0.000574746,0.000574746,0.000574746
93,1253.09,0.92991,0.48108,1.08423,0.89707,0.84452,0.91304,0.54244,1.51016,0.71964,1.43361,0.00056704,0.00056704,0.00056704
94,1266.49,0.92498,0.45377,1.09529,0.83505,0.90328,0.91169,0.47301,1.67253,0.8051,1.54972,0.000559318,0.000559318,0.000559318
95,1279.79,0.93368,0.47061,1.09457,0.87628,0.8969,0.93114,0.54364,1.4727,0.77839,1.38887,0.000551584,0.000551584,0.000551584
96,1293.09,0.94897,0.46988,1.09918,0.86574,0.8345,0.89432,0.54364,1.47578,0.91163,1.3938,0.000543837,0.000543837,0.000543837
97,1306.36,0.92402,0.44048,1.07118,0.85473,0.83921,0.87447,0.5192,1.61846,0.79077,1.51699,0.000536081,0.000536081,0.000536081
98,1319.65,0.92495,0.4465,1.07314,0.82565,0.88345,0.90709,0.58215,1.35589,0.74191,1.33268,0.000528318,0.000528318,0.000528318
99,1332.93,0.90799,0.46569,1.06968,0.87509,0.86448,0.8982,0.49501,1.58788,0.79243,1.49974,0.000520548,0.000520548,0.000520548
100,1346.23,0.9016,0.48303,1.07825,0.89875,0.84236,0.87935,0.51954,1.45651,0.84149,1.41614,0.000512775,0.000512775,0.000512775
101,1359.52,0.90293,0.4536,1.07804,0.87277,0.86047,0.89162,0.48391,1.60845,0.84632,1.53619,0.000505,0.000505,0.000505
102,1372.88,0.89919,0.44673,1.0715,0.80053,0.69696,0.7412,0.37095,1.73601,1.20754,1.6423,0.000497225,0.000497225,0.000497225
103,1386.18,0.84461,0.4845,1.05285,0.82426,0.81106,0.83658,0.42869,1.58782,0.94581,1.55493,0.000489452,0.000489452,0.000489452
104,1399.5,0.88977,0.47791,1.06778,0.66775,0.798,0.72719,0.42933,1.44338,1.48683,1.41052,0.000481682,0.000481682,0.000481682
105,1412.77,0.83388,0.44975,1.04517,0.74045,0.76993,0.83116,0.5254,1.35711,1.2908,1.3199,0.000473919,0.000473919,0.000473919
106,1426.06,0.84083,0.44359,1.02491,0.74138,0.81284,0.84875,0.49835,1.43821,1.31198,1.41371,0.000466163,0.000466163,0.000466163
107,1439.37,0.80129,0.43034,1.0235,0.82147,0.79593,0.84066,0.54504,1.24334,1.03118,1.24787,0.000458416,0.000458416,0.000458416
108,1452.67,0.79187,0.44334,1.01774,0.87039,0.82441,0.87224,0.56015,1.29029,0.86818,1.27054,0.000450682,0.000450682,0.000450682
109,1465.93,0.802,0.45474,1.02647,0.78683,0.82635,0.86082,0.55773,1.33938,0.98716,1.32114,0.00044296,0.00044296,0.00044296
110,1479.25,0.81369,0.41805,1.03704,0.7869,0.84934,0.87118,0.57613,1.297,0.92733,1.30938,0.000435254,0.000435254,0.000435254
111,1492.54,0.79211,0.412,1.03958,0.93143,0.87247,0.95333,0.60827,1.29103,0.60792,1.31133,0.000427565,0.000427565,0.000427565
112,1505.94,0.75101,0.41573,1.00598,0.90702,0.85953,0.89367,0.63503,1.14586,0.67872,1.18097,0.000419895,0.000419895,0.000419895
113,1519.29,0.74874,0.41949,1.01378,0.91981,0.87095,0.91436,0.62047,1.2263,0.66329,1.24077,0.000412246,0.000412246,0.000412246
114,1532.65,0.71263,0.39506,0.99329,0.88861,0.91444,0.93913,0.62866,1.24427,0.64497,1.2636,0.00040462,0.00040462,0.00040462
115,1545.95,0.69811,0.3781,0.97557,0.91369,0.88786,0.94366,0.56511,1.42892,0.70976,1.4154,0.000397019,0.000397019,0.000397019
116,1559.29,0.70476,0.37106,0.97736,0.89178,0.85755,0.91696,0.57964,1.29963,0.73916,1.28475,0.000389445,0.000389445,0.000389445
117,1572.38,0.68786,0.38176,0.95493,0.93926,0.8287,0.94045,0.55366,1.48362,0.72918,1.4222,0.000381899,0.000381899,0.000381899
118,1585.51,0.69057,0.37738,0.96258,0.8836,0.91013,0.946,0.56088,1.46055,0.67678,1.43312,0.000374383,0.000374383,0.000374383
119,1598.65,0.70308,0.36915,0.97222,0.87817,0.83791,0.93311,0.53364,1.47007,0.73658,1.47521,0.000366899,0.000366899,0.000366899
120,1611.8,0.67003,0.36597,0.93641,0.75237,0.83547,0.85971,0.55427,1.2653,0.89475,1.29948,0.00035945,0.00035945,0.00035945
121,1624.92,0.68023,0.35397,0.94694,0.76902,0.83547,0.8615,0.55049,1.2969,0.90891,1.3324,0.000352037,0.000352037,0.000352037
122,1638.05,0.67315,0.36883,0.94422,0.84339,0.82113,0.85773,0.54507,1.27278,0.83142,1.33314,0.000344661,0.000344661,0.000344661
123,1651.17,0.69215,0.37828,0.95316,0.80624,0.80483,0.82181,0.46639,1.39855,1.03493,1.45287,0.000337325,0.000337325,0.000337325
124,1664.32,0.69714,0.41017,0.96373,0.75176,0.79696,0.81479,0.4979,1.31139,0.9127,1.32507,0.00033003,0.00033003,0.00033003
125,1677.39,0.67841,0.38251,0.95719,0.83034,0.79064,0.83753,0.45661,1.48103,0.88975,1.50064,0.000322778,0.000322778,0.000322778
126,1690.53,0.66828,0.3622,0.95365,0.86226,0.87095,0.90623,0.44068,1.66254,0.86345,1.72157,0.000315572,0.000315572,0.000315572
127,1703.67,0.66597,0.35581,0.95592,0.89347,0.86567,0.92982,0.52316,1.47506,0.74088,1.52663,0.000308412,0.000308412,0.000308412
128,1716.83,0.64816,0.34418,0.95838,0.89102,0.82568,0.92667,0.52545,1.56353,0.72567,1.61452,0.0003013,0.0003013,0.0003013
129,1729.9,0.65254,0.34132,0.94235,0.85488,0.86253,0.91866,0.59149,1.34391,0.72257,1.38791,0.000294239,0.000294239,0.000294239
130,1743.04,0.64546,0.35073,0.9368,0.8714,0.89493,0.91614,0.61128,1.28792,0.72679,1.33114,0.00028723,0.00028723,0.00028723
131,1756.15,0.64292,0.34671,0.93285,0.86122,0.87702,0.9288,0.62459,1.26213,0.69455,1.29152,0.000280275,0.000280275,0.000280275
132,1769.29,0.66865,0.34592,0.95364,0.9207,0.85845,0.9212,0.49732,1.64714,0.77084,1.66095,0.000273375,0.000273375,0.000273375
133,1782.37,0.64535,0.34885,0.94978,0.89357,0.85845,0.924,0.60472,1.30693,0.69612,1.32737,0.000266532,0.000266532,0.000266532
134,1795.49,0.70072,0.36703,0.97139,0.84589,0.88345,0.92413,0.56424,1.41736,0.7412,1.41785,0.000259748,0.000259748,0.000259748
135,1808.64,0.64361,0.33225,0.92996,0.87331,0.89037,0.92795,0.54822,1.51289,0.75844,1.51372,0.000253024,0.000253024,0.000253024
136,1821.8,0.62854,0.33994,0.93932,0.90341,0.86942,0.92624,0.62044,1.19902,0.71601,1.25887,0.000246363,0.000246363,0.000246363
137,1834.94,0.57761,0.3209,0.91005,0.90173,0.84189,0.93082,0.56179,1.35569,0.77888,1.41041,0.000239766,0.000239766,0.000239766
138,1848.09,0.60596,0.32764,0.92447,0.91669,0.83666,0.93157,0.59512,1.26733,0.74167,1.32234,0.000233234,0.000233234,0.000233234
139,1861.3,0.59508,0.32605,0.89986,0.88045,0.87211,0.92469,0.64215,1.11826,0.68292,1.19001,0.000226769,0.000226769,0.000226769
140,1874.58,0.59147,0.32011,0.9108,0.87364,0.90629,0.90851,0.63401,1.13618,0.68948,1.18897,0.000220372,0.000220372,0.000220372
141,1887.69,0.60162,0.32971,0.91469,0.89599,0.86825,0.90408,0.64704,1.11422,0.68704,1.17924,0.000214046,0.000214046,0.000214046
142,1900.9,0.59043,0.32331,0.90755,0.91343,0.86709,0.90141,0.5783,1.33942,0.7267,1.37366,0.000207792,0.000207792,0.000207792
143,1914.07,0.59002,0.3178,0.91525,0.91341,0.85577,0.9001,0.53671,1.4278,0.78805,1.48354,0.000201611,0.000201611,0.000201611
144,1927.21,0.57696,0.31304,0.90515,0.91811,0.85743,0.91389,0.52512,1.4695,0.80521,1.54051,0.000195505,0.000195505,0.000195505
145,1940.3,0.57813,0.31656,0.91574,0.9137,0.87095,0.92281,0.5594,1.40359,0.77673,1.45091,0.000189475,0.000189475,0.000189475
146,1953.43,0.56188,0.30792,0.8935,0.91097,0.85743,0.92293,0.60475,1.26729,0.7275,1.30448,0.000183523,0.000183523,0.000183523
147,1966.58,0.54258,0.30368,0.89257,0.91018,0.85743,0.91321,0.58048,1.3275,0.73465,1.36146,0.000177651,0.000177651,0.000177651
148,1979.75,0.5474,0.29828,0.89968,0.89508,0.87489,0.93278,0.60983,1.29348,0.71594,1.33613,0.000171859,0.000171859,0.000171859
149,1992.85,0.55926,0.30083,0.90186,0.89218,0.88345,0.91875,0.6111,1.26106,0.69846,1.315,0.000166149,0.000166149,0.000166149
150,2005.98,0.54948,0.2994,0.89829,0.88298,0.88911,0.91886,0.55812,1.39886,0.71195,1.44645,0.000160523,0.000160523,0.000160523
151,2019.12,0.52304,0.29978,0.89072,0.93514,0.86328,0.91975,0.60839,1.26273,0.68015,1.31996,0.000154982,0.000154982,0.000154982
152,2032.3,0.53869,0.29915,0.8869,0.93307,0.86993,0.93113,0.5831,1.32545,0.66979,1.3797,0.000149527,0.000149527,0.000149527
153,2045.43,0.55934,0.29717,0.89927,0.90861,0.89187,0.93047,0.58775,1.32807,0.67447,1.37925,0.000144161,0.000144161,0.000144161
154,2058.6,0.55692,0.30207,0.89822,0.90466,0.88232,0.92302,0.62111,1.21514,0.67529,1.28095,0.000138883,0.000138883,0.000138883
155,2071.9,0.52799,0.28867,0.88738,0.89615,0.86124,0.90629,0.57837,1.33442,0.74066,1.37724,0.000133695,0.000133695,0.000133695
156,2085.32,0.53303,0.30028,0.88596,0.90838,0.84473,0.89845,0.59591,1.28768,0.74699,1.33017,0.000128599,0.000128599,0.000128599
157,2098.72,0.53195,0.29439,0.88854,0.88143,0.88345,0.90194,0.59767,1.26978,0.7573,1.31377,0.000123596,0.000123596,0.000123596
158,2112.54,0.51092,0.29426,0.888,0.91487,0.85113,0.90174,0.57837,1.2854,0.76047,1.33978,0.000118687,0.000118687,0.000118687
159,2126.44,0.5083,0.28281,0.87321,0.92084,0.85642,0.9093,0.58687,1.30164,0.7322,1.36429,0.000113873,0.000113873,0.000113873
160,2140.01,0.50081,0.28525,0.87073,0.92473,0.86566,0.91307,0.59609,1.31564,0.71836,1.39036,0.000109156,0.000109156,0.000109156
161,2153.74,0.50631,0.28363,0.86748,0.92691,0.87928,0.91495,0.59436,1.33282,0.70891,1.40955,0.000104537,0.000104537,0.000104537
162,2167.42,0.50279,0.28199,0.87569,0.92745,0.88006,0.90865,0.60932,1.23586,0.68344,1.32452,0.000100016,0.000100016,0.000100016
163,2181.1,0.49225,0.27076,0.86234,0.88336,0.92117,0.91494,0.59868,1.2588,0.67897,1.34879,9.55951e-05,9.55951e-05,9.55951e-05
164,2194.87,0.49594,0.27833,0.88534,0.89267,0.90136,0.90706,0.60228,1.26801,0.6892,1.35842,9.12754e-05,9.12754e-05,9.12754e-05
165,2208.39,0.50166,0.28357,0.88294,0.924,0.8681,0.90412,0.61072,1.22945,0.70923,1.31717,8.70577e-05,8.70577e-05,8.70577e-05
166,2221.87,0.51342,0.2777,0.88774,0.87622,0.91769,0.91036,0.59748,1.2943,0.72298,1.36899,8.29431e-05,8.29431e-05,8.29431e-05
167,2235.47,0.50164,0.27541,0.87137,0.92095,0.86993,0.91232,0.6081,1.2553,0.68065,1.32925,7.89327e-05,7.89327e-05,7.89327e-05
168,2249.02,0.5037,0.27566,0.88848,0.92091,0.86317,0.91149,0.62728,1.1975,0.66151,1.26564,7.50274e-05,7.50274e-05,7.50274e-05
169,2262.56,0.47475,0.2719,0.87282,0.92452,0.8662,0.90549,0.60827,1.24732,0.69463,1.30193,7.12282e-05,7.12282e-05,7.12282e-05
170,2275.94,0.48343,0.27046,0.86896,0.92147,0.89116,0.90594,0.59924,1.28286,0.69593,1.3389,6.7536e-05,6.7536e-05,6.7536e-05
171,2289.7,0.48693,0.27165,0.87407,0.90624,0.89595,0.92171,0.60089,1.30158,0.7,1.36109,6.39518e-05,6.39518e-05,6.39518e-05
172,2303.81,0.48827,0.26763,0.86531,0.89618,0.90798,0.92253,0.58882,1.32403,0.71524,1.38643,6.04763e-05,6.04763e-05,6.04763e-05
173,2317.53,0.47783,0.27194,0.85122,0.92549,0.86892,0.92225,0.601,1.31584,0.70184,1.37203,5.71106e-05,5.71106e-05,5.71106e-05
174,2331.22,0.49736,0.27374,0.86818,0.90776,0.8798,0.92437,0.6012,1.27536,0.68483,1.33506,5.38554e-05,5.38554e-05,5.38554e-05
175,2344.92,0.48794,0.27278,0.87084,0.88139,0.89963,0.91485,0.59477,1.29956,0.70007,1.35244,5.07115e-05,5.07115e-05,5.07115e-05
176,2358.53,0.45421,0.26883,0.85468,0.89168,0.89453,0.91521,0.58029,1.31772,0.71613,1.37016,4.76796e-05,4.76796e-05,4.76796e-05
177,2372.22,0.47012,0.26856,0.8634,0.92775,0.88234,0.9154,0.57779,1.32775,0.72066,1.38316,4.47606e-05,4.47606e-05,4.47606e-05
178,2386.04,0.47673,0.28429,0.86814,0.91116,0.88657,0.91362,0.5806,1.31803,0.72442,1.37491,4.19552e-05,4.19552e-05,4.19552e-05
179,2399.99,0.45163,0.26988,0.85726,0.89453,0.89462,0.91215,0.58726,1.28511,0.71159,1.34916,3.9264e-05,3.9264e-05,3.9264e-05
180,2414.73,0.45908,0.26142,0.85692,0.8948,0.89614,0.91516,0.61263,1.23527,0.68884,1.31,3.66877e-05,3.66877e-05,3.66877e-05
181,2429.03,0.48544,0.27503,0.86487,0.92915,0.85642,0.91378,0.61324,1.2276,0.68222,1.3066,3.4227e-05,3.4227e-05,3.4227e-05
182,2442.85,0.46656,0.26638,0.86989,0.89797,0.90603,0.91492,0.60648,1.24184,0.6788,1.31959,3.18825e-05,3.18825e-05,3.18825e-05
183,2456.55,0.48274,0.27131,0.87886,0.90683,0.88137,0.92107,0.60974,1.22129,0.66665,1.30061,2.96546e-05,2.96546e-05,2.96546e-05
184,2469.93,0.466,0.26022,0.87279,0.91832,0.84291,0.9197,0.63241,1.15596,0.65388,1.2467,2.75441e-05,2.75441e-05,2.75441e-05
185,2483.1,0.46409,0.27227,0.86352,0.90292,0.87589,0.91048,0.62468,1.14537,0.65281,1.23855,2.55513e-05,2.55513e-05,2.55513e-05
186,2497.34,0.45964,0.26471,0.86409,0.91387,0.86587,0.91163,0.622,1.15989,0.65397,1.25109,2.36769e-05,2.36769e-05,2.36769e-05
187,2511.5,0.45824,0.2663,0.85848,0.87743,0.90407,0.92154,0.62965,1.18361,0.65846,1.26891,2.19212e-05,2.19212e-05,2.19212e-05
188,2525.73,0.47508,0.27015,0.86453,0.91332,0.86892,0.92521,0.6279,1.19964,0.6561,1.27946,2.02847e-05,2.02847e-05,2.02847e-05
189,2539.75,0.44638,0.26294,0.86212,0.91303,0.86892,0.92469,0.62613,1.20112,0.65444,1.28171,1.87678e-05,1.87678e-05,1.87678e-05
190,2554.16,0.47459,0.27209,0.86832,0.91319,0.86892,0.92468,0.62734,1.19373,0.6575,1.27451,1.73709e-05,1.73709e-05,1.73709e-05
191,2568.38,0.4596,0.27374,0.88263,0.91237,0.86689,0.92373,0.62618,1.18519,0.65642,1.26774,1.60943e-05,1.60943e-05,1.60943e-05
